{
    "key": "group_570037dfc90de",
    "title": "Courses",
    "fields": [
        {
            "default_value": "",
            "placeholder": "",
            "key": "field_570037f7cbbc1",
            "label": "Course Url",
            "name": "course_url",
            "type": "url",
            "instructions": "Add Course URL",
            "required": 1,
            "conditional_logic": 0,
            "wrapper": {
                "width": "",
                "class": "",
                "id": ""
            }
        },
        {
            "sub_fields": [
                {
                    "default_value": "",
                    "maxlength": "",
                    "placeholder": "",
                    "prepend": "",
                    "append": "",
                    "key": "field_57018778146fc",
                    "label": "Tag",
                    "name": "tag",
                    "type": "text",
                    "instructions": "Add Item for each tag",
                    "required": 0,
                    "conditional_logic": 0,
                    "wrapper": {
                        "width": "",
                        "class": "",
                        "id": ""
                    },
                    "readonly": 0,
                    "disabled": 0
                }
            ],
            "min": 0,
            "max": 4,
            "layout": "table",
            "button_label": "Add Tag",
            "collapsed": "field_57018778146fc",
            "key": "field_57006ea9898ce",
            "label": "Course Tags",
            "name": "course_tags",
            "type": "repeater",
            "instructions": "Add tags here",
            "required": 1,
            "conditional_logic": 0,
            "wrapper": {
                "width": "",
                "class": "",
                "id": ""
            }
        }
    ],
    "location": [
        [
            {
                "param": "post_type",
                "operator": "==",
                "value": "courses"
            }
        ]
    ],
    "menu_order": 0,
    "position": "normal",
    "style": "default",
    "label_placement": "top",
    "instruction_placement": "label",
    "hide_on_screen": "",
    "active": 1,
    "description": "",
    "modified": 1482157475
}