{
    "key": "group_566e78d237c49",
    "title": "Main Featured Product",
    "fields": [
        {
            "default_value": "",
            "maxlength": "",
            "placeholder": "",
            "prepend": "",
            "append": "",
            "key": "field_566525ec2e415",
            "label": "Feature Headline",
            "name": "feature_headline",
            "type": "text",
            "instructions": "Add Product Headline",
            "required": 0,
            "conditional_logic": 0,
            "wrapper": {
                "width": "",
                "class": "",
                "id": ""
            },
            "formatting": "none",
            "readonly": 0,
            "disabled": 0
        },
        {
            "default_value": "",
            "new_lines": "",
            "maxlength": "",
            "placeholder": "",
            "rows": 4,
            "key": "field_566526282e416",
            "label": "Feature Text",
            "name": "feature_text",
            "type": "textarea",
            "instructions": "Short Description about the product",
            "required": 0,
            "conditional_logic": 0,
            "wrapper": {
                "width": "",
                "class": "",
                "id": ""
            },
            "readonly": 0,
            "disabled": 0
        },
        {
            "placement": "top",
            "endpoint": 0,
            "key": "field_5665ca0b2c69a",
            "label": "Price",
            "name": "",
            "type": "tab",
            "instructions": "",
            "required": 0,
            "conditional_logic": 0,
            "wrapper": {
                "width": "",
                "class": "",
                "id": ""
            }
        },
        {
            "default_value": 0,
            "message": "",
            "ui": 0,
            "ui_on_text": "",
            "ui_off_text": "",
            "key": "field_5665ca312c69b",
            "label": "Pay What you want?",
            "name": "feature_pwyw",
            "type": "true_false",
            "instructions": "Check this item if it has a set price",
            "required": 0,
            "conditional_logic": 0,
            "wrapper": {
                "width": "",
                "class": "",
                "id": ""
            }
        },
        {
            "default_value": "",
            "maxlength": "",
            "placeholder": "",
            "prepend": "",
            "append": "",
            "key": "field_5665266a2e417",
            "label": "Feature Price",
            "name": "feature_price",
            "type": "text",
            "instructions": "Enter Product Price",
            "required": 1,
            "conditional_logic": [
                [
                    {
                        "field": "field_5665ca312c69b",
                        "operator": "==",
                        "value": "1"
                    }
                ]
            ],
            "wrapper": {
                "width": "",
                "class": "",
                "id": ""
            },
            "formatting": "none",
            "readonly": 0,
            "disabled": 0
        },
        {
            "placement": "top",
            "endpoint": 0,
            "key": "field_5665ca742c69c",
            "label": "Color",
            "name": "",
            "type": "tab",
            "instructions": "",
            "required": 0,
            "conditional_logic": 0,
            "wrapper": {
                "width": "",
                "class": "",
                "id": ""
            }
        },
        {
            "multiple": 0,
            "allow_null": 0,
            "choices": {
                "white": "white",
                "black": "black"
            },
            "default_value": [],
            "ui": 0,
            "ajax": 0,
            "placeholder": "",
            "return_format": "value",
            "key": "field_5665ca7f2c69d",
            "label": "Price Color",
            "name": "feature_price_color",
            "type": "select",
            "instructions": "Choose the background color",
            "required": 0,
            "conditional_logic": 0,
            "wrapper": {
                "width": "",
                "class": "",
                "id": ""
            },
            "disabled": 0,
            "readonly": 0
        },
        {
            "placement": "top",
            "endpoint": 0,
            "key": "field_5665caad2c69e",
            "label": "Gumroad Link",
            "name": "",
            "type": "tab",
            "instructions": "",
            "required": 0,
            "conditional_logic": 0,
            "wrapper": {
                "width": "",
                "class": "",
                "id": ""
            }
        },
        {
            "default_value": "",
            "maxlength": "",
            "placeholder": "https:\/\/",
            "prepend": "",
            "append": "",
            "key": "field_566527242e418",
            "label": "Feature Gumroad Link",
            "name": "feature_gumroad_link",
            "type": "text",
            "instructions": "Gumroad Url",
            "required": 1,
            "conditional_logic": 0,
            "wrapper": {
                "width": "",
                "class": "",
                "id": ""
            },
            "formatting": "none",
            "readonly": 0,
            "disabled": 0
        }
    ],
    "location": [
        [
            {
                "param": "page",
                "operator": "==",
                "value": "3140"
            }
        ]
    ],
    "menu_order": 0,
    "position": "normal",
    "style": "default",
    "label_placement": "top",
    "instruction_placement": "label",
    "hide_on_screen": [
        "the_content"
    ],
    "active": 1,
    "description": "",
    "modified": 1482157226
}