{
    "key": "group_56923d7965d54",
    "title": "License Info Description",
    "fields": [
        {
            "tabs": "all",
            "toolbar": "full",
            "media_upload": 0,
            "default_value": "",
            "delay": 0,
            "key": "field_56923d9dd6838",
            "label": "Standard content",
            "name": "standard_content",
            "type": "wysiwyg",
            "instructions": "",
            "required": 0,
            "conditional_logic": 0,
            "wrapper": {
                "width": "",
                "class": "",
                "id": ""
            }
        },
        {
            "tabs": "all",
            "toolbar": "full",
            "media_upload": 1,
            "default_value": "",
            "delay": 0,
            "key": "field_5692418837749",
            "label": "Extended",
            "name": "extended",
            "type": "wysiwyg",
            "instructions": "",
            "required": 0,
            "conditional_logic": 0,
            "wrapper": {
                "width": "",
                "class": "",
                "id": ""
            }
        }
    ],
    "location": [
        [
            {
                "param": "page_template",
                "operator": "==",
                "value": "page-product.php"
            }
        ],
        [
            {
                "param": "page_template",
                "operator": "==",
                "value": "page-product-react.php"
            }
        ],
        [
            {
                "param": "page_template",
                "operator": "==",
                "value": "full-width-et2017.php"
            }
        ]
    ],
    "menu_order": 0,
    "position": "normal",
    "style": "default",
    "label_placement": "top",
    "instruction_placement": "label",
    "hide_on_screen": "",
    "active": 1,
    "description": "",
    "modified": 1482158343
}