{
    "key": "group_566cbd5a8ba9e",
    "title": "Product",
    "fields": [
        {
            "default_value": 0,
            "message": "",
            "ui": 0,
            "ui_on_text": "",
            "ui_off_text": "",
            "key": "field_5677db1b0fddc",
            "label": "Shortcode",
            "name": "shortcode",
            "type": "true_false",
            "instructions": "",
            "required": 0,
            "conditional_logic": 0,
            "wrapper": {
                "width": "",
                "class": "",
                "id": ""
            }
        },
        {
            "tabs": "all",
            "toolbar": "basic",
            "media_upload": 0,
            "default_value": "",
            "delay": 0,
            "key": "field_5663d9734a5a5",
            "label": "ShortCode Link",
            "name": "shortcode_link",
            "type": "wysiwyg",
            "instructions": "Add Gumroad shortcode here",
            "required": 1,
            "conditional_logic": [
                [
                    {
                        "field": "field_5677db1b0fddc",
                        "operator": "==",
                        "value": "1"
                    }
                ]
            ],
            "wrapper": {
                "width": "",
                "class": "",
                "id": ""
            }
        },
        {
            "placement": "top",
            "endpoint": 0,
            "key": "field_56766c46e4695",
            "label": "Price Settings",
            "name": "",
            "type": "tab",
            "instructions": "",
            "required": 0,
            "conditional_logic": 0,
            "wrapper": {
                "width": "",
                "class": "",
                "id": ""
            }
        },
        {
            "default_value": "",
            "maxlength": "",
            "placeholder": "",
            "prepend": "",
            "append": "",
            "key": "field_5663db3a2f60b",
            "label": "Price",
            "name": "price",
            "type": "text",
            "instructions": "Add Product Price",
            "required": 1,
            "conditional_logic": 0,
            "wrapper": {
                "width": "",
                "class": "",
                "id": ""
            },
            "formatting": "none",
            "readonly": 0,
            "disabled": 0
        },
        {
            "default_value": "",
            "maxlength": "",
            "placeholder": "",
            "prepend": "",
            "append": "",
            "key": "field_5663e021d258b",
            "label": "gumroad link",
            "name": "gumroad_link",
            "type": "text",
            "instructions": "gumroad url",
            "required": 1,
            "conditional_logic": 0,
            "wrapper": {
                "width": "",
                "class": "",
                "id": ""
            },
            "formatting": "none",
            "readonly": 0,
            "disabled": 0
        },
        {
            "default_value": 0,
            "message": "",
            "ui": 0,
            "ui_on_text": "",
            "ui_off_text": "",
            "key": "field_56766c5ae4696",
            "label": "Extended Price",
            "name": "has_extended_price",
            "type": "true_false",
            "instructions": "Check if there is an extended license",
            "required": 0,
            "conditional_logic": 0,
            "wrapper": {
                "width": "",
                "class": "",
                "id": ""
            }
        },
        {
            "default_value": "",
            "maxlength": "",
            "placeholder": "",
            "prepend": "",
            "append": "",
            "key": "field_56766bf5e4694",
            "label": "Extended license price",
            "name": "extended_price",
            "type": "text",
            "instructions": "",
            "required": 0,
            "conditional_logic": [
                [
                    {
                        "field": "field_56766c5ae4696",
                        "operator": "==",
                        "value": "1"
                    }
                ]
            ],
            "wrapper": {
                "width": "",
                "class": "",
                "id": ""
            },
            "readonly": 0,
            "disabled": 0
        },
        {
            "default_value": "",
            "maxlength": "",
            "placeholder": "",
            "prepend": "",
            "append": "",
            "key": "field_56766fb859625",
            "label": "Extended License Url",
            "name": "extended_license_url",
            "type": "text",
            "instructions": "",
            "required": 0,
            "conditional_logic": [
                [
                    {
                        "field": "field_56766c5ae4696",
                        "operator": "==",
                        "value": "1"
                    }
                ]
            ],
            "wrapper": {
                "width": "",
                "class": "",
                "id": ""
            },
            "readonly": 0,
            "disabled": 0
        },
        {
            "placement": "top",
            "endpoint": 0,
            "key": "field_56766ca1e4697",
            "label": "Extras",
            "name": "",
            "type": "tab",
            "instructions": "",
            "required": 0,
            "conditional_logic": 0,
            "wrapper": {
                "width": "",
                "class": "",
                "id": ""
            }
        },
        {
            "default_value": "",
            "maxlength": "",
            "placeholder": "Add youtube link if available",
            "prepend": "",
            "append": "",
            "key": "field_5664a0d3f49e0",
            "label": "Youtube link",
            "name": "youtube_link",
            "type": "text",
            "instructions": "",
            "required": 0,
            "conditional_logic": 0,
            "wrapper": {
                "width": "",
                "class": "",
                "id": ""
            },
            "formatting": "none",
            "readonly": 0,
            "disabled": 0
        },
        {
            "default_value": 0,
            "message": "",
            "ui": 0,
            "ui_on_text": "",
            "ui_off_text": "",
            "key": "field_56a71c1ca318b",
            "label": "Enable Font Preview",
            "name": "has_font_preview",
            "type": "true_false",
            "instructions": "",
            "required": 0,
            "conditional_logic": 0,
            "wrapper": {
                "width": "",
                "class": "",
                "id": ""
            }
        },
        {
            "default_value": "",
            "maxlength": "",
            "placeholder": "",
            "prepend": "",
            "append": "",
            "key": "field_56a71c62a318c",
            "label": "Font Name",
            "name": "font_name",
            "type": "text",
            "instructions": "This is the name of the css file. Example: tuesday.css - the name would be tuesday.",
            "required": 0,
            "conditional_logic": [
                [
                    {
                        "field": "field_56a71c1ca318b",
                        "operator": "==",
                        "value": "1"
                    }
                ]
            ],
            "wrapper": {
                "width": "",
                "class": "",
                "id": ""
            },
            "readonly": 0,
            "disabled": 0
        },
        {
            "sub_fields": [
                {
                    "default_value": "",
                    "maxlength": "",
                    "placeholder": "",
                    "prepend": "",
                    "append": "",
                    "key": "field_57c2370acc38b",
                    "label": "Style",
                    "name": "style",
                    "type": "text",
                    "instructions": "Add Style",
                    "required": 1,
                    "conditional_logic": 0,
                    "wrapper": {
                        "width": "",
                        "class": "",
                        "id": ""
                    },
                    "readonly": 0,
                    "disabled": 0
                }
            ],
            "min": 0,
            "max": 0,
            "layout": "table",
            "button_label": "Add Style",
            "collapsed": "field_57c2370acc38b",
            "key": "field_57c236f8cc38a",
            "label": "Font Styles",
            "name": "font_styles",
            "type": "repeater",
            "instructions": "",
            "required": 0,
            "conditional_logic": 0,
            "wrapper": {
                "width": "",
                "class": "",
                "id": ""
            }
        }
    ],
    "location": [
        [
            {
                "param": "post_type",
                "operator": "==",
                "value": "product"
            }
        ]
    ],
    "menu_order": 0,
    "position": "normal",
    "style": "seamless",
    "label_placement": "top",
    "instruction_placement": "label",
    "hide_on_screen": "",
    "active": 1,
    "description": "",
    "modified": 1482155873
}