{
    "key": "group_566cbd5a9aa4b",
    "title": "Sub-Feature Right",
    "fields": [
        {
            "return_format": "array",
            "preview_size": "full",
            "library": "all",
            "min_width": 0,
            "min_height": 0,
            "min_size": 0,
            "max_width": 0,
            "max_height": 0,
            "max_size": 0,
            "mime_types": "",
            "key": "field_56650147287a1",
            "label": "Sub Right Image",
            "name": "sub_right_image",
            "type": "image",
            "instructions": "Add Image here",
            "required": 0,
            "conditional_logic": 0,
            "wrapper": {
                "width": "",
                "class": "",
                "id": ""
            }
        },
        {
            "placement": "top",
            "endpoint": 0,
            "key": "field_5665c7ad8bbe5",
            "label": "Price",
            "name": "",
            "type": "tab",
            "instructions": "",
            "required": 0,
            "conditional_logic": 0,
            "wrapper": {
                "width": "",
                "class": "",
                "id": ""
            }
        },
        {
            "default_value": 0,
            "message": "",
            "ui": 0,
            "ui_on_text": "",
            "ui_off_text": "",
            "key": "field_5665c7d4b7b88",
            "label": "Pay what you want?",
            "name": "sub_right_pwyw",
            "type": "true_false",
            "instructions": "Check this item if it has a set price",
            "required": 0,
            "conditional_logic": 0,
            "wrapper": {
                "width": "",
                "class": "",
                "id": ""
            }
        },
        {
            "default_value": "",
            "maxlength": "",
            "placeholder": "",
            "prepend": "",
            "append": "",
            "key": "field_56650179287a2",
            "label": "Sub Right Price",
            "name": "sub_right_price",
            "type": "text",
            "instructions": "Add Price here",
            "required": 1,
            "conditional_logic": [
                [
                    {
                        "field": "field_5665c7d4b7b88",
                        "operator": "==",
                        "value": "1"
                    }
                ]
            ],
            "wrapper": {
                "width": "",
                "class": "",
                "id": ""
            },
            "formatting": "none",
            "readonly": 0,
            "disabled": 0
        },
        {
            "placement": "top",
            "endpoint": 0,
            "key": "field_5665c811b7b89",
            "label": "Color",
            "name": "",
            "type": "tab",
            "instructions": "",
            "required": 0,
            "conditional_logic": 0,
            "wrapper": {
                "width": "",
                "class": "",
                "id": ""
            }
        },
        {
            "multiple": 0,
            "allow_null": 0,
            "choices": {
                "white": "white",
                "black": "black"
            },
            "default_value": [],
            "ui": 0,
            "ajax": 0,
            "placeholder": "",
            "return_format": "value",
            "key": "field_5665c81db7b8a",
            "label": "Choose Color",
            "name": "sub_right_color",
            "type": "select",
            "instructions": "Chose the color of the banner background",
            "required": 0,
            "conditional_logic": 0,
            "wrapper": {
                "width": "",
                "class": "",
                "id": ""
            },
            "disabled": 0,
            "readonly": 0
        },
        {
            "placement": "top",
            "endpoint": 0,
            "key": "field_5665c85ab7b8b",
            "label": "Gumroad Link",
            "name": "",
            "type": "tab",
            "instructions": "",
            "required": 0,
            "conditional_logic": 0,
            "wrapper": {
                "width": "",
                "class": "",
                "id": ""
            }
        },
        {
            "default_value": "",
            "maxlength": "",
            "placeholder": "",
            "prepend": "",
            "append": "",
            "key": "field_56650634130fd",
            "label": "Sub Right Link",
            "name": "sub_right_link",
            "type": "text",
            "instructions": "Add Gumroad link",
            "required": 0,
            "conditional_logic": 0,
            "wrapper": {
                "width": "",
                "class": "",
                "id": ""
            },
            "formatting": "none",
            "readonly": 0,
            "disabled": 0
        }
    ],
    "location": [
        [
            {
                "param": "page",
                "operator": "==",
                "value": "2618"
            }
        ]
    ],
    "menu_order": 0,
    "position": "normal",
    "style": "default",
    "label_placement": "top",
    "instruction_placement": "label",
    "hide_on_screen": "",
    "active": 1,
    "description": "",
    "modified": 1482155886
}