{
    "key": "group_566cbd5ab9de9",
    "title": "Sub-Feature Left",
    "fields": [
        {
            "return_format": "array",
            "preview_size": "full",
            "library": "all",
            "min_width": 0,
            "min_height": 0,
            "min_size": 0,
            "max_width": 0,
            "max_height": 0,
            "max_size": 0,
            "mime_types": "",
            "key": "field_56652791688c4",
            "label": "Sub left image",
            "name": "sub_left_image",
            "type": "image",
            "instructions": "",
            "required": 0,
            "conditional_logic": 0,
            "wrapper": {
                "width": "",
                "class": "",
                "id": ""
            }
        },
        {
            "placement": "top",
            "endpoint": 0,
            "key": "field_5665cbd0b6020",
            "label": "Price",
            "name": "",
            "type": "tab",
            "instructions": "",
            "required": 0,
            "conditional_logic": 0,
            "wrapper": {
                "width": "",
                "class": "",
                "id": ""
            }
        },
        {
            "default_value": 0,
            "message": "",
            "ui": 0,
            "ui_on_text": "",
            "ui_off_text": "",
            "key": "field_5665cbf5b6021",
            "label": "Pay what you want?",
            "name": "sub_left_pwyw",
            "type": "true_false",
            "instructions": "Check this item if it has a set price",
            "required": 0,
            "conditional_logic": 0,
            "wrapper": {
                "width": "",
                "class": "",
                "id": ""
            }
        },
        {
            "default_value": "",
            "maxlength": "",
            "placeholder": "",
            "prepend": "",
            "append": "",
            "key": "field_566527be688c5",
            "label": "Sub left Price",
            "name": "sub_left_price",
            "type": "text",
            "instructions": "Product Price",
            "required": 1,
            "conditional_logic": [
                [
                    {
                        "field": "field_5665cbf5b6021",
                        "operator": "==",
                        "value": "1"
                    }
                ]
            ],
            "wrapper": {
                "width": "",
                "class": "",
                "id": ""
            },
            "formatting": "none",
            "readonly": 0,
            "disabled": 0
        },
        {
            "placement": "top",
            "endpoint": 0,
            "key": "field_5665cc22b6022",
            "label": "Color",
            "name": "",
            "type": "tab",
            "instructions": "",
            "required": 0,
            "conditional_logic": 0,
            "wrapper": {
                "width": "",
                "class": "",
                "id": ""
            }
        },
        {
            "multiple": 0,
            "allow_null": 0,
            "choices": {
                "white": "white",
                "black": "black"
            },
            "default_value": [],
            "ui": 0,
            "ajax": 0,
            "placeholder": "",
            "return_format": "value",
            "key": "field_5665cc35b6023",
            "label": "Choose Color",
            "name": "sub_left_color",
            "type": "select",
            "instructions": "Chose the color of the banner background",
            "required": 0,
            "conditional_logic": 0,
            "wrapper": {
                "width": "",
                "class": "",
                "id": ""
            },
            "disabled": 0,
            "readonly": 0
        },
        {
            "placement": "top",
            "endpoint": 0,
            "key": "field_5665cc5cb6024",
            "label": "Gumroad Link",
            "name": "",
            "type": "tab",
            "instructions": "",
            "required": 0,
            "conditional_logic": 0,
            "wrapper": {
                "width": "",
                "class": "",
                "id": ""
            }
        },
        {
            "default_value": "",
            "maxlength": "",
            "placeholder": "https:\/\/",
            "prepend": "",
            "append": "",
            "key": "field_566527e2688c6",
            "label": "Gumroad Url",
            "name": "sub_left_link",
            "type": "text",
            "instructions": "Gumroad Url",
            "required": 0,
            "conditional_logic": 0,
            "wrapper": {
                "width": "",
                "class": "",
                "id": ""
            },
            "formatting": "none",
            "readonly": 0,
            "disabled": 0
        }
    ],
    "location": [
        [
            {
                "param": "page",
                "operator": "==",
                "value": "2618"
            }
        ]
    ],
    "menu_order": 1,
    "position": "normal",
    "style": "default",
    "label_placement": "top",
    "instruction_placement": "label",
    "hide_on_screen": "",
    "active": 1,
    "description": "",
    "modified": 1482155898
}