{
    "key": "group_56922e077a0cf",
    "title": "License Info Description",
    "fields": [
        {
            "tabs": "all",
            "toolbar": "full",
            "media_upload": 0,
            "default_value": "",
            "delay": 0,
            "key": "field_56922e3d4a2fd",
            "label": "Standard Content",
            "name": "standard_content",
            "type": "wysiwyg",
            "instructions": "",
            "required": 0,
            "conditional_logic": 0,
            "wrapper": {
                "width": "",
                "class": "",
                "id": ""
            }
        },
        {
            "tabs": "all",
            "toolbar": "full",
            "media_upload": 1,
            "default_value": "",
            "delay": 0,
            "key": "field_56922e954a2fe",
            "label": "Extended Content",
            "name": "extended",
            "type": "wysiwyg",
            "instructions": "",
            "required": 0,
            "conditional_logic": 0,
            "wrapper": {
                "width": "",
                "class": "",
                "id": ""
            }
        }
    ],
    "location": [
        [
            {
                "param": "page_template",
                "operator": "==",
                "value": "page-product.php"
            }
        ],
        [
            {
                "param": "page_template",
                "operator": "==",
                "value": "page-product-react.php"
            }
        ],
        [
            {
                "param": "page_template",
                "operator": "==",
                "value": "full-width.php"
            }
        ]
    ],
    "menu_order": 3,
    "position": "normal",
    "style": "default",
    "label_placement": "top",
    "instruction_placement": "label",
    "hide_on_screen": "",
    "active": 1,
    "description": "",
    "modified": 1482155911
}