{
    "key": "group_566e78d48791f",
    "title": "Product",
    "fields": [
        {
            "placement": "top",
            "endpoint": 0,
            "key": "field_56774aea047b8",
            "label": "Price Settings",
            "name": "",
            "type": "tab",
            "instructions": "",
            "required": 0,
            "conditional_logic": 0,
            "wrapper": {
                "width": "",
                "class": "",
                "id": ""
            }
        },
        {
            "default_value": "",
            "maxlength": "",
            "placeholder": "",
            "prepend": "",
            "append": "",
            "key": "field_56651eb5129c8",
            "label": "Price",
            "name": "price",
            "type": "text",
            "instructions": "Add Product Price",
            "required": 1,
            "conditional_logic": 0,
            "wrapper": {
                "width": "",
                "class": "",
                "id": ""
            },
            "formatting": "none",
            "readonly": 0,
            "disabled": 0
        },
        {
            "default_value": "",
            "maxlength": "",
            "placeholder": "",
            "prepend": "",
            "append": "",
            "key": "field_56651ef8129c9",
            "label": "Gumroad Url",
            "name": "gumroad_link",
            "type": "text",
            "instructions": "Add Gumroad Url",
            "required": 1,
            "conditional_logic": 0,
            "wrapper": {
                "width": "",
                "class": "",
                "id": ""
            },
            "formatting": "none",
            "readonly": 0,
            "disabled": 0
        },
        {
            "default_value": 0,
            "message": "",
            "ui": 0,
            "ui_on_text": "",
            "ui_off_text": "",
            "key": "field_56774b28047ba",
            "label": "Extended Price",
            "name": "has_extended_price",
            "type": "true_false",
            "instructions": "",
            "required": 0,
            "conditional_logic": 0,
            "wrapper": {
                "width": "",
                "class": "",
                "id": ""
            }
        },
        {
            "default_value": "",
            "maxlength": "",
            "placeholder": "",
            "prepend": "",
            "append": "",
            "key": "field_56774b4b047bb",
            "label": "Extended License Price",
            "name": "extended_price",
            "type": "text",
            "instructions": "",
            "required": 0,
            "conditional_logic": [
                [
                    {
                        "field": "field_56774b28047ba",
                        "operator": "==",
                        "value": "1"
                    }
                ]
            ],
            "wrapper": {
                "width": "",
                "class": "",
                "id": ""
            },
            "readonly": 0,
            "disabled": 0
        },
        {
            "default_value": "",
            "maxlength": "",
            "placeholder": "",
            "prepend": "",
            "append": "",
            "key": "field_56774b68047bc",
            "label": "Extended License Url",
            "name": "extended_license_url",
            "type": "text",
            "instructions": "",
            "required": 0,
            "conditional_logic": [
                [
                    {
                        "field": "field_56774b28047ba",
                        "operator": "==",
                        "value": "1"
                    }
                ]
            ],
            "wrapper": {
                "width": "",
                "class": "",
                "id": ""
            },
            "readonly": 0,
            "disabled": 0
        },
        {
            "placement": "top",
            "endpoint": 0,
            "key": "field_56774b0d047b9",
            "label": "Extras",
            "name": "",
            "type": "tab",
            "instructions": "",
            "required": 0,
            "conditional_logic": 0,
            "wrapper": {
                "width": "",
                "class": "",
                "id": ""
            }
        },
        {
            "default_value": "",
            "maxlength": "",
            "placeholder": "",
            "prepend": "",
            "append": "",
            "key": "field_56651f28129ca",
            "label": "Youtube Link",
            "name": "youtube_link",
            "type": "text",
            "instructions": "Add Youtube link here",
            "required": 0,
            "conditional_logic": 0,
            "wrapper": {
                "width": "",
                "class": "",
                "id": ""
            },
            "formatting": "none",
            "readonly": 0,
            "disabled": 0
        },
        {
            "default_value": 0,
            "message": "",
            "ui": 0,
            "ui_on_text": "",
            "ui_off_text": "",
            "key": "field_56aed5edbfe28",
            "label": "Enable Font Preview",
            "name": "has_font_preview",
            "type": "true_false",
            "instructions": "",
            "required": 0,
            "conditional_logic": 0,
            "wrapper": {
                "width": "",
                "class": "",
                "id": ""
            }
        },
        {
            "default_value": "",
            "maxlength": "",
            "placeholder": "",
            "prepend": "",
            "append": "",
            "key": "field_56aed618bfe29",
            "label": "Font Name",
            "name": "font_name",
            "type": "text",
            "instructions": "This is the name of the css file. Example: tuesday.css - the name would be tuesday.",
            "required": 0,
            "conditional_logic": [
                [
                    {
                        "field": "field_56aed5edbfe28",
                        "operator": "==",
                        "value": "1"
                    }
                ]
            ],
            "wrapper": {
                "width": "",
                "class": "",
                "id": ""
            },
            "readonly": 0,
            "disabled": 0
        },
        {
            "sub_fields": [
                {
                    "default_value": "",
                    "maxlength": "",
                    "placeholder": "",
                    "prepend": "",
                    "append": "",
                    "key": "field_582aa3e6eea6e",
                    "label": "Style",
                    "name": "style",
                    "type": "text",
                    "instructions": "",
                    "required": 1,
                    "conditional_logic": 0,
                    "wrapper": {
                        "width": "",
                        "class": "",
                        "id": ""
                    },
                    "readonly": 0,
                    "disabled": 0
                }
            ],
            "min": 0,
            "max": 0,
            "layout": "table",
            "button_label": "Add Style",
            "collapsed": "field_582aa3e6eea6e",
            "key": "field_582aa3d7eea6d",
            "label": "Font Styles",
            "name": "font_styles",
            "type": "repeater",
            "instructions": "",
            "required": 0,
            "conditional_logic": 0,
            "wrapper": {
                "width": "",
                "class": "",
                "id": ""
            }
        }
    ],
    "location": [
        [
            {
                "param": "post_type",
                "operator": "==",
                "value": "product"
            }
        ]
    ],
    "menu_order": 0,
    "position": "normal",
    "style": "seamless",
    "label_placement": "top",
    "instruction_placement": "label",
    "hide_on_screen": "",
    "active": 1,
    "description": "",
    "modified": 1482158122
}